,CM,GENDER,AGE
0,[3.3991659  6.83881284 4.99767668 ... 0.         4.27594911 4.97200631],M,27
1,[2.27928843 3.38430083 2.31416812 ... 0.         4.33872723 4.72357043],F,27
2,[3.04480505 5.27628191 4.2397434  ... 0.         5.53864339 5.78292591],M,33
3,[3.60217479 3.93107755 2.75751818 ... 0.         3.50970493 4.52978091],F,35
4,[2.15009325 4.64850167 2.82865444 ... 0.         5.60293212 6.2934139 ],M,22
5,[4.15584675 5.06080574 3.94132635 ... 0.         6.82277171 7.77346353],M,29
6,[3.60384093 0.         5.83424658 ... 0.         4.94178653 4.15987319],M,29
7,[3.97655709 5.01361708 3.47356228 ... 0.         6.38493023 6.45043957],F,35
8,[3.79603282 3.75571835 0.         ... 0.         7.36628607 7.48248288],M,24
9,[4.3606653  0.         3.35926269 ... 0.         5.61219447 5.27341673],M,27
10,[2.56629385 0.         5.11800373 ... 0.         6.22829484 5.48894889],F,26
11,[2.75651581 2.59640759 0.         ... 0.         5.61204085 4.08848583],M,30
12,[2.38413162 3.6199862  1.58145233 ... 0.         5.21208227 4.77553519],M,23
13,[2.26664194 0.         1.51752374 ... 0.         4.27850357 4.1046157 ],M,26
14,[0.         4.65851741 5.46328917 ... 0.         7.19358206 4.95142386],F,30
15,[0.         0.         3.59022388 ... 0.         7.24020184 3.96695592],M,25
16,[3.83385333 4.5082727  4.02841367 ... 0.         4.08927211 3.93323196],M,30
17,[0.         0.         4.46689983 ... 0.         6.95538902 7.08958101],M,34
18,[2.4083244  3.82392409 0.         ... 0.         5.28337307 5.11547742],F,25
19,[5.17448335 5.80395757 3.41733644 ... 0.         7.27751567 6.93088341],F,28
20,[3.40510025 4.9778495  3.9647159  ... 0.         4.48935141 4.6750196 ],F,26
21,[3.38424249 2.86420573 3.1179124  ... 0.         6.05640243 4.96806962],F,31
22,[0. 0. 0. ... 0. 0. 0.],F,36
23,[0.         5.25995557 6.29087973 ... 0.         6.06574781 6.20025142],F,29
24,[3.48129437 5.17234814 4.50427097 ... 0.         3.02353739 5.51236549],M,28
25,[0.         4.24489092 3.37603379 ... 0.         4.10226115 4.04085259],M,22
26,[4.55779756 6.60347552 6.37598246 ... 0.         6.67796124 6.47939547],F,33
27,[2.22965428 4.75986637 4.44435754 ... 0.         6.42633794 7.06721361],M,31
28,[2.36969377 5.80732118 2.76606108 ... 0.         5.8845259  5.64846003],F,27
29,[2.85128324 3.04763906 0.         ... 0.         7.12729599 6.28546273],F,28
30,[1.80050191 2.99044566 2.12123733 ... 0.         0.         5.12230644],M,32
31,[5.3787087  0.         5.51504672 ... 0.         6.7600887  6.42426699],F,32
32,[3.1432772  5.43984837 3.92846639 ... 0.         0.         5.13047949],M,27
33,[4.24263192 5.82682779 0.         ... 0.         6.62506633 6.70121798],F,30
34,[3.5158087  5.76246612 5.6742755  ... 0.         5.63412257 6.09960884],F,33
35,[0.         5.11480205 4.09898325 ... 0.         5.64125088 5.66777115],F,29
36,[2.47038947 4.68225585 3.46515951 ... 0.         6.19273215 5.67335861],M,31
37,[2.89404843 3.85961068 3.26686942 ... 0.         5.18645965 4.47019384],F,26
38,[1.34869145 2.37194638 0.         ... 0.         3.7189123  2.82935539],M,25
39,[5.45802316 0.         3.80233505 ... 0.         5.93115739 4.7438158 ],F,34
40,[1.58210532 0.         2.97149951 ... 0.         3.4844749  3.71598021],M,32
41,[3.21937085 4.90268907 4.00323758 ... 0.         3.63573524 4.30598753],F,29
42,[0. 0. 0. ... 0. 0. 0.],M,33
43,[2.41294692 4.13815351 0.         ... 0.         5.70548348 5.98273789],M,29
44,[4.32575461 6.65477871 5.84658545 ... 0.         0.         5.60503229],F,33
45,[3.11957805 0.         2.03668065 ... 0.         5.77880026 4.9461421 ],F,32
46,[4.80325135 6.28788499 6.67555273 ... 6.55994782 0.         6.58733229],F,34
47,[0.         7.26309079 0.         ... 0.         8.23161389 7.56490863],F,23
48,[3.32471753 4.63125456 3.27008936 ... 0.         4.59672949 5.41970744],M,25
49,[2.74973501 6.36725645 3.0455062  ... 0.         6.49236468 5.93727806],M,28
50,[0. 0. 0. ... 0. 0. 0.],M,27
51,[0.         4.59698791 0.         ... 0.         6.05181828 5.47589599],M,26
52,[2.88584478 4.87126098 3.66854516 ... 0.         4.66671939 4.80051769],F,30
53,[4.36397649 5.7202261  4.26176541 ... 0.         7.24684665 6.7393266 ],F,30
54,[2.57455497 5.5994404  5.3759373  ... 0.         6.79350968 6.37813174],F,24
55,[4.17864489 5.03165619 0.         ... 0.         6.50389249 4.93461762],F,33
56,[0.         0.         0.         ... 0.         5.87157866 0.        ],F,34
57,[4.5781598  4.92057009 4.32876602 ... 0.         3.97790221 7.02034747],M,27
58,[3.57491247 4.13985881 2.99085901 ... 0.         4.98657439 4.85748524],F,29
59,[0.         0.         4.51104779 ... 0.         0.         6.71571072],M,23
60,[5.32938023 3.57857497 2.66655964 ... 0.         0.         5.58525902],M,22
61,[3.40734472 3.01453834 2.60624051 ... 0.         4.86836455 4.44916529],M,26
62,[4.25219291 5.56996901 3.88452079 ... 0.         5.01361856 5.31039257],M,29
63,[3.17720931 6.95434851 6.17774666 ... 0.         8.23496833 8.56065144],F,25
64,[3.16976675 4.05907101 3.8914676  ... 0.         2.74479695 4.94401333],F,33
65,[2.63254699 4.19387397 3.97385952 ... 0.         5.1685964  5.57464898],F,27
66,[3.43513485 5.17695043 2.50953101 ... 0.         3.57488983 4.71319024],F,26
67,[3.53483591 4.34271503 3.75587886 ... 0.         7.0081172  5.47009223],F,28
68,[4.20583908 3.58917928 4.24651989 ... 0.         6.63290673 6.44564728],F,33
69,[4.84974237 6.453658   4.74466339 ... 0.         6.19206995 7.08207995],F,26
70,[0.         4.11225824 4.2745429  ... 0.         5.37188454 5.31834661],F,26
71,[5.40283579 0.         5.45911902 ... 0.         6.1560085  5.82347012],F,35
72,[2.97316324 6.0999811  3.53117735 ... 0.         6.23600846 6.00086623],M,26
73,[3.77961578 5.03693696 4.050839   ... 0.         5.22845214 3.96820041],M,32
74,[5.94707898 4.84705682 0.         ... 0.         6.43178985 6.38225166],F,33
75,[2.8140678  0.         3.33955782 ... 0.         6.90991148 4.29310108],M,34
76,[2.95203721 4.66284359 3.43248098 ... 0.         6.26663026 5.53352537],M,31
77,[2.69149729 3.65583512 2.55491265 ... 0.         4.6872124  4.92277351],F,29
78,[3.77154225 5.24916697 5.0206331  ... 0.         6.84671101 6.4339226 ],M,26
79,[4.04224469 4.91735344 4.56293746 ... 0.         5.47663394 5.57590907],F,35
80,[0.         0.         4.89144321 ... 0.         0.         0.        ],M,29
81,[2.60053456 0.         0.         ... 0.         7.1884239  7.32638145],F,28
82,[3.00932811 2.21044068 2.42776937 ... 0.         4.44227684 4.36391052],M,22
83,[5.63199953 0.         2.21871559 ... 0.         6.83853494 6.34628525],F,32
84,[2.67374703 3.76012975 2.63319742 ... 0.         5.29890348 4.99793962],F,26
85,[3.74041101 5.70851489 0.         ... 0.         6.04523848 5.23127394],M,33
86,[6.43106219 6.81085603 4.62405086 ... 0.         6.3702033  7.18762858],F,31
87,[3.10466134 3.01408664 2.43278178 ... 0.         5.80431012 6.38488238],F,26
88,[0.         6.10053967 5.75389391 ... 0.         6.25585381 5.60667394],F,32
89,[4.08549479 3.48472896 4.15912874 ... 0.         5.22194617 5.61317426],M,26
90,[4.35897308 0.         0.         ... 0.         0.         5.29418297],F,33
91,[3.95510821 5.57590633 4.48535108 ... 0.         5.68575604 5.11505061],F,34
92,[2.78788886 4.16099616 4.47385488 ... 0.         6.64700614 6.39012218],F,28
93,[3.30999911 4.83395515 5.25193066 ... 0.         0.         5.78064014],F,34
94,[2.75555476 5.50458187 5.33307174 ... 0.         5.05543022 5.93589632],M,33
95,[2.75067387 1.77077209 2.76644774 ... 0.         5.20236643 5.6103765 ],M,25
96,[2.90698703 5.89350449 3.13155213 ... 0.         5.60349315 4.52970336],M,23
97,[4.98242728 0.         5.3494385  ... 0.         5.51199783 0.        ],F,25
98,[4.63695406 7.11869026 0.         ... 0.         6.76582063 7.37428967],F,31
99,[3.81492163 6.92338861 6.01965915 ... 0.         5.78911019 6.36658345],F,35
100,[3.24471006 4.50811795 3.84033499 ... 0.         6.36461716 5.1998591 ],M,32
101,[4.68695531 4.74894358 2.84537529 ... 0.         7.06093334 6.51985842],F,30
102,[0.         0.         5.20207986 ... 0.         5.61880838 5.78063054],F,27
103,[5.60189046 6.41235699 6.27931908 ... 0.         7.02689401 7.06313172],F,32
104,[2.88774873 5.43797722 5.06165829 ... 0.         7.08543438 7.05866341],M,34
105,[5.06766197 6.04815136 5.57886071 ... 0.         0.         5.07920216],M,30
106,[0.         4.11225179 3.16978014 ... 0.         6.79450513 8.00043437],F,33
107,[3.63325097 0.         3.75298627 ... 0.         6.58331812 5.66259115],F,30
108,[3.74474335 3.58964448 3.25023107 ... 0.         5.44274765 5.23665591],M,22
109,[3.62167334 3.99933204 3.49642801 ... 0.         4.62414046 4.29382801],F,29
110,[3.1145361  5.75902761 4.18366767 ... 0.         5.70227862 7.06432804],M,26
111,[0.         0.         1.72292372 ... 6.36621373 0.         6.22673692],M,27
112,[3.02017613 4.66241125 4.80807282 ... 0.         7.34466559 5.40695121],F,27
113,[2.52948321 4.18362617 3.31365436 ... 0.         4.79080858 4.77423526],M,27
114,[4.84159667 5.11277183 3.90431216 ... 0.         4.30753942 4.6720505 ],F,32
115,[4.45516003 4.26881606 3.53246272 ... 0.         4.27110127 4.01502785],F,30
116,[2.57207631 3.87264767 1.86791932 ... 0.         5.6635252  5.74196595],M,34
117,[0.         0.         4.45497949 ... 0.         4.14004333 3.52687578],F,25
118,[9.71685342 9.51748924 9.379128   ... 0.         9.65933771 9.69249828],F,31
119,[0.         2.2904269  0.         ... 0.         6.5813037  6.19291825],F,29
120,[2.76807364 4.96523206 3.66055175 ... 0.         5.14666014 4.49040548],F,28
121,[2.18420628 3.55439766 2.8717007  ... 0.         6.02452018 4.64875646],F,28
122,[2.50912595 4.82888623 3.53091992 ... 0.         6.57513053 5.07439369],M,27
123,[0.         5.0360634  2.37912137 ... 0.         6.34300778 6.42102039],M,22
124,[3.78813489 5.11208585 4.56482973 ... 0.         0.         6.28943889],F,23
125,[4.03170728 5.97829118 0.         ... 0.         8.05183025 7.59377743],F,26
126,[0.         3.65363396 0.         ... 0.         5.11384976 5.6182275 ],M,30
127,[3.14322343 3.32781079 3.49645716 ... 0.         6.7474508  5.17965774],M,25
128,[0.         5.26333757 0.         ... 0.         5.00270772 0.        ],M,27
129,[4.29114513 4.92474201 3.96302993 ... 0.         5.57818444 6.41764611],F,32
130,[3.37492565 6.01366536 4.85838911 ... 0.         7.86488173 7.36514596],F,29
131,[2.4443358  4.38583163 5.65187131 ... 0.         6.97307239 6.43953246],F,27
132,[3.6772947  5.20079314 3.91816896 ... 0.         5.87063892 5.92282772],M,27
133,[2.39856966 0.         0.         ... 0.         4.07600791 3.32365436],M,29
134,[6.24241513 4.08679457 5.21133254 ... 0.         4.14632582 4.58968974],F,35
135,[0.         0.         5.92868926 ... 0.         7.4097931  6.87541847],F,31
136,[3.10844208 0.         3.74075385 ... 0.         6.7906093  6.17706924],F,22
137,[3.54115707 4.39249479 3.918238   ... 0.         4.84990864 4.46252469],F,26
138,[0.         5.68410073 3.61733956 ... 0.         6.36966027 6.06958282],M,24
139,[2.33226618 2.76135465 2.28323117 ... 0.         3.80034029 5.14093708],M,23
140,[4.40557739 4.34347135 3.61289263 ... 0.         5.26355365 5.47224507],F,30
141,[3.60176209 3.95818757 2.82523333 ... 0.         5.4722053  5.06895674],M,27
142,[3.07203824 4.15251885 2.81492085 ... 0.         5.42783429 4.53188987],M,31
143,[3.30800187 5.9205895  3.65761947 ... 0.         5.09982304 4.86331819],M,25
144,[4.58033112 5.22264284 0.         ... 0.         5.60062601 5.66741079],F,31
145,[4.02736367 3.13185483 2.85866065 ... 0.         5.475824   5.13168325],M,33
146,[2.97013002 4.94571584 2.66590218 ... 0.         5.26254566 4.6260194 ],M,22
147,[3.35501934 6.99069173 5.04791274 ... 0.         7.06201326 7.14993685],F,35
148,[3.55356785 4.39455383 2.7904403  ... 0.         5.32090972 5.70865174],M,32
149,[4.02247598 0.         5.48575258 ... 0.         6.3344741  6.32457257],F,23
150,[2.5417114  3.75061857 3.1801304  ... 0.         6.86450672 6.14594387],F,33
151,[3.82011944 4.7162553  3.25797966 ... 0.         5.31556012 5.67560389],F,33
152,[4.47344963 2.96949956 2.31030794 ... 0.         6.9245844  7.00620491],M,29
153,[3.31177611 4.69168757 4.49002406 ... 0.         5.7902587  5.73323859],M,25
154,[4.17686867 0.         2.88059805 ... 0.         4.56410938 6.20567348],M,23
155,[3.98168112 6.2384164  5.48896959 ... 0.         8.22804472 7.10050486],F,34
156,[3.14730712 4.66218633 3.94481545 ... 0.         4.78781792 4.52865727],F,28
157,[1.63248768 3.85483458 2.89683937 ... 0.         7.69763013 6.81292395],F,35
158,[4.21275654 3.73998012 3.94941924 ... 0.         5.55876019 5.54297386],M,26
159,[4.93997555 5.07517054 0.         ... 0.         8.03553998 7.12071297],F,27
160,[5.26764476 6.68869772 0.         ... 0.         6.67708104 6.21032676],F,36
161,[3.06939574 4.43775956 2.65375819 ... 0.         6.59882759 5.81369873],F,28
162,[0.         1.35911209 0.         ... 0.         4.16063676 5.46982212],M,33
163,[3.93088696 6.22249621 2.95793638 ... 0.         0.         4.35433575],F,25
164,[0.         2.55720922 0.         ... 0.         5.90852231 5.16169327],M,27
165,[0.         4.05259303 0.         ... 0.         8.02031436 7.7072784 ],F,33
166,[4.30443275 6.36841994 6.11092467 ... 0.         7.74336029 7.71715642],F,27
167,[2.45270197 6.13167716 3.46052397 ... 0.         6.25467296 5.52251309],M,31
168,[3.07492048 4.84802771 2.74626795 ... 0.         4.77393105 4.50187669],F,27
169,[3.35587058 4.91432949 5.02408863 ... 0.         6.32685734 5.6607246 ],F,32
170,[6.55316493 7.73366306 6.94489268 ... 0.         6.19199411 7.33975473],F,26
171,[5.36180421 5.41205154 3.4737333  ... 0.         4.33777923 4.33339924],F,33
172,[2.76777515 4.93833526 2.73214385 ... 0.         7.2796282  6.58004778],F,31
173,[3.69634983 4.6056345  2.45588578 ... 0.         5.18518269 5.76137079],M,25
174,[2.34345    3.62648087 3.01585439 ... 0.         3.6738692  4.79394532],F,30
175,[3.40771689 4.36848896 3.94260424 ... 0.         6.77728464 6.00352564],F,22
176,[3.14173681 6.15885486 4.14989797 ... 0.         7.66492384 7.05696232],M,27
177,[0.         4.69123431 3.14568989 ... 0.         6.19537678 6.13187546],M,23
178,[3.68430553 4.00071588 3.7608488  ... 0.         5.4320721  5.6784387 ],M,27
179,[5.65146978 4.84206004 3.54913272 ... 0.         5.21683224 5.20195725],F,26
180,[0.         5.51201158 5.47711495 ... 0.         5.36946058 5.24998498],M,24
181,[2.88936704 4.65167133 0.         ... 0.         6.88393523 5.67192531],F,26
182,[3.73659803 4.24298639 3.96387665 ... 0.         5.12143206 4.50174461],M,34
183,[2.99386735 3.99455255 3.73600968 ... 0.         5.81423234 4.86506141],M,28
184,[3.51865337 3.86626241 0.         ... 0.         4.85757035 4.19939113],F,27
185,[0.         6.11656847 0.         ... 0.         5.42595313 0.        ],F,34
186,[1.75124881 3.92068155 3.9360866  ... 0.         4.05145562 4.22501276],M,28
187,[3.11450612 3.83746686 3.18718684 ... 0.         6.17005893 7.7612953 ],F,32
188,[5.14295854 0.         4.85736967 ... 0.         0.         0.        ],M,29
189,[4.39662056 5.05903697 0.         ... 0.         6.19867212 5.9628974 ],F,24
190,[5.81464638 6.39087577 5.6420552  ... 0.         6.97263543 6.14663731],F,34
191,[3.40569812 4.4038621  3.81005245 ... 0.         4.69650125 4.93026745],F,31
192,[2.94197409 3.21963434 3.16657777 ... 0.         4.78122321 4.61844145],F,26
193,[4.29229401 3.9507869  3.32227954 ... 0.         6.83486575 7.17016563],F,31
194,[2.05364283 5.34164067 5.39692382 ... 0.         5.46971051 4.90017214],M,29
195,[3.80011691 4.45455917 2.40924629 ... 0.         7.02889706 6.38418798],F,23
196,[1.78284755 2.99670631 0.         ... 0.         6.83439109 5.53091716],M,28
197,[3.74785194 0.         1.98873221 ... 0.         4.32336507 4.20364557],F,23
198,[3.52323586 6.03346798 4.49938146 ... 0.         6.22283964 6.04181258],M,33
199,[3.90206469 7.05945257 5.66476908 ... 0.         6.64896451 6.41984487],M,24
200,[0.        0.        0.        ... 0.        0.        5.4635383],M,27
201,[4.02926737 4.15315539 3.64446786 ... 0.         6.46181366 6.94204263],F,32
202,[4.93156101 3.27472717 2.64982594 ... 0.         6.07522101 5.55867819],M,27
203,[1.991012   3.15555785 3.58411065 ... 0.         4.55428191 4.53215133],M,28
204,[5.36993028 0.         5.34123176 ... 0.         5.44678435 5.6966673 ],M,25
205,[0.         3.92923885 0.         ... 0.         0.         5.00042099],M,25
206,[3.64461005 4.05171504 4.19635321 ... 0.         4.64062353 4.0825592 ],M,32
207,[4.14374194 4.57536568 3.40808447 ... 0.         6.61170302 5.31875891],F,26
208,[0.         5.89928944 0.         ... 0.         6.60645199 5.32636787],M,23
209,[4.48311465 5.83889404 3.97642688 ... 0.         3.53550949 4.75784635],F,26
210,[4.4401487  6.54987125 2.4647973  ... 0.         4.66843017 5.56152009],M,28
211,[3.38496878 5.46574759 4.86880498 ... 6.02402261 7.43025357 6.95378722],F,30
212,[0.         5.98519513 0.         ... 0.         0.         6.57651756],M,31
213,[0.         8.43655872 0.         ... 0.         7.09827888 6.94831396],F,31
214,[2.07780143 5.3487443  5.28899542 ... 0.         5.01630024 5.96052533],M,31
215,[3.05277976 2.79763027 2.62318511 ... 0.         5.17075941 4.99658136],M,35
216,[3.26457095 4.98610325 3.80793628 ... 6.79983777 4.46210633 5.60852575],F,31
217,[0.         2.39144982 0.         ... 0.         7.88088846 6.68591077],M,29
218,[0.         5.94825443 5.48153752 ... 0.         6.92845251 6.18654527],F,22
219,[0. 0. 0. ... 0. 0. 0.],F,29
220,[4.4725407  5.25858379 5.07978863 ... 0.         6.31972176 5.61231894],F,31
221,[0.         6.0249728  5.79763108 ... 0.         0.         6.1889068 ],M,34
222,[2.98443258 3.61198707 4.12521875 ... 0.         4.89942269 4.54243794],F,23
223,[3.4441362  4.55509611 3.88637284 ... 0.         5.5159279  5.398138  ],F,26
224,[0.         4.43297694 3.77066422 ... 0.         5.06869764 3.48087218],M,30
225,[4.10859537 3.71965988 2.88768172 ... 0.         6.98496515 0.        ],F,23
226,[0.        0.        4.4271415 ... 0.        0.        4.7019299],M,29
227,[2.56212779 0.         2.16269574 ... 0.         7.30160445 7.5991625 ],F,28
228,[0.         0.         2.6028322  ... 0.         6.04588732 5.63537548],M,28
229,[0.         4.34617704 2.94838953 ... 0.         5.81234509 5.20815003],M,34
230,[2.87780016 5.16764421 3.8374351  ... 0.         6.74987335 7.34777161],F,35
231,[0.         4.19645775 1.91223269 ... 0.         5.93707456 5.96744591],M,27
232,[3.01595043 3.73824513 3.05323009 ... 0.         4.20831987 5.33312513],F,32
233,[2.8931835  4.83589572 4.14180839 ... 0.         6.17272031 6.66046438],F,28
234,[2.50348173 2.59628592 2.82279001 ... 0.         0.         4.00064596],M,27
235,[0.         4.48941263 2.36889066 ... 0.         0.         6.76689111],F,30
236,[1.76019029 2.23431981 2.74714744 ... 0.         5.09921074 5.28373388],F,25
237,[0.         4.19405883 3.17412658 ... 0.         7.98812516 7.28442004],F,27
238,[3.61352986 6.14767254 5.0419954  ... 0.         5.68210772 5.43779884],M,24
239,[3.0219019  3.77327144 4.31103946 ... 0.         4.9445173  4.2548214 ],M,22
240,[0.        0.        0.        ... 0.        0.        5.6217516],M,31
241,[5.17589809 6.64310417 4.54667005 ... 0.         6.06030011 7.21546686],F,34
242,[4.01387218 4.29328299 4.72308369 ... 0.         6.7269923  6.04612195],F,29
243,[0.         4.71779838 0.         ... 6.65484578 0.         6.24132661],F,36
244,[3.13136125 4.95640987 4.92599712 ... 0.         5.83941474 5.93364221],F,30
245,[0.         0.         0.         ... 0.         0.         7.98315726],M,33
246,[1.94058134 0.         0.         ... 0.         3.70150105 5.0815333 ],M,24
247,[0.         0.         0.         ... 0.         3.79104688 0.        ],M,33
248,[3.16918377 5.4333828  2.65174318 ... 0.         5.89793961 3.56319911],M,29
249,[2.21461001 3.09730865 0.         ... 0.         5.31396957 5.81868295],M,32
250,[0.         0.         0.         ... 0.         8.38683523 6.93210566],F,32
251,[2.5790162  4.35059027 2.5707218  ... 0.         4.62378759 3.76015391],M,29
252,[3.9723387  4.50955647 4.37095568 ... 0.         6.57599746 6.25662813],F,27
253,[2.22917356 5.20735242 3.04802845 ... 0.         5.27016296 4.5895347 ],M,31
254,[4.83873894 5.79231389 4.75291529 ... 0.         6.18289532 6.35352704],M,29
255,[4.2358578  5.57252032 4.11254325 ... 0.         4.51479647 0.        ],M,32
256,[0.         7.1825908  0.         ... 0.         0.         5.12978956],F,28
257,[3.96428384 5.46617523 4.50552117 ... 0.         3.86133688 5.39380831],F,31
258,[5.00539219 0.         0.         ... 0.         5.77637059 5.92115799],F,30
259,[3.50008602 5.65018511 4.81730972 ... 0.         5.72021637 5.57541989],F,27
260,[0. 0. 0. ... 0. 0. 0.],M,26
261,[0.         5.19418556 4.06451093 ... 0.         7.10708377 5.8839285 ],F,31
262,[6.21600492 4.27620291 3.32471594 ... 0.         6.46032432 6.1395048 ],F,28
263,[3.2888305  5.25516886 0.         ... 0.         7.63416511 6.95956141],F,26
264,[3.66738683 4.25756918 2.76575689 ... 6.76043497 4.11522161 5.0794633 ],M,25
265,[3.62177275 4.16659035 3.54750252 ... 0.         5.94949274 5.1149108 ],M,28
266,[3.58774336 4.94315305 4.71139867 ... 0.         4.19696134 4.13424056],M,35
267,[4.05390339 2.62911485 2.77003608 ... 0.         4.97862868 5.26322762],F,34
268,[3.84222325 5.07980817 4.4871863  ... 0.         5.85078531 5.06636817],M,32
269,[1.75962609 2.00512754 3.35179227 ... 0.         6.4550822  6.58195609],M,28
270,[0.         5.05517694 0.         ... 0.         4.76577674 5.39725056],M,24
271,[4.1873241  0.         0.         ... 0.         0.         6.99568821],F,29
272,[0.         3.82686516 0.         ... 0.         4.19251226 3.89986435],M,24
273,[3.43220694 5.42787109 3.96876536 ... 0.         6.14653522 6.48775384],M,27
274,[3.04342483 3.36750869 2.99043308 ... 0.         5.37044198 4.39442519],M,27
275,[2.35803357 4.66505311 4.43730393 ... 0.         5.81770698 5.35625895],M,35
276,[4.22006362 3.66131866 3.2291858  ... 0.         5.90838433 4.92333562],F,28
277,[4.02121824 4.6669003  5.77769875 ... 0.         4.70587073 4.44461663],M,32
278,[0.         5.95573398 2.4466283  ... 0.         6.50771235 6.43781201],F,30
279,[1.66252012 2.10692234 2.42195948 ... 0.         6.02777383 5.26039681],F,33
280,[3.10578916 3.90490662 3.96212482 ... 0.         6.65028727 6.43535341],F,30
281,[3.10461378 3.18255382 3.2393791  ... 0.         5.32785926 4.54667937],F,26
282,[2.63029456 5.44299598 5.89478584 ... 0.         0.         6.53591513],M,26
283,[3.30616537 4.408777   3.57663113 ... 0.         6.41728931 6.302978  ],M,32
284,[4.48557087 5.12715947 0.         ... 0.         7.06463434 7.12278719],F,22
285,[3.5189789  5.56110756 3.04557486 ... 0.         5.31270728 4.59741002],F,28
286,[0.         5.56823076 5.35609252 ... 0.         5.98479322 6.53229948],M,23
287,[4.15586727 2.5868683  3.05464649 ... 0.         4.64854611 4.73898455],F,33
288,[5.03053661 5.91800082 5.39227917 ... 0.         6.56199452 6.28031083],F,29
289,[3.52437236 3.24879883 2.23428625 ... 0.         3.08383819 3.59735481],M,22
290,[3.18274376 2.98575149 3.15045916 ... 0.         5.14342339 4.40351351],F,29
291,[2.98555316 3.6891222  2.88782778 ... 0.         4.33803261 5.67672245],M,29
292,[2.2494     2.99926444 4.08230131 ... 0.         5.12486418 5.54240424],F,33
293,[3.34006384 5.2303467  3.40394313 ... 0.         5.60797509 5.59904197],F,28
294,[3.6822337  4.86086962 2.40072073 ... 0.         5.89339012 4.12377215],M,27
295,[0.         0.         0.         ... 0.         0.         4.40577399],F,33
296,[0. 0. 0. ... 0. 0. 0.],M,28
297,[2.63158214 3.63595497 3.65204238 ... 0.         4.82648943 4.31420433],F,22
298,[2.20431748 3.79938444 2.80823974 ... 0.         5.30955572 5.80450983],M,31
299,[3.40971964 1.80153558 2.31708186 ... 0.         5.26871475 5.39417392],F,35
300,[1.68838631 3.60300726 0.         ... 0.         5.27543257 4.56631215],F,27
301,[2.60719729 3.95579851 3.17029823 ... 0.         4.5219716  4.90543642],F,34
302,[3.7462778  0.         2.4319031  ... 0.         6.74314692 6.39262725],M,36
303,[3.09585139 4.74081295 4.32845498 ... 0.         0.         5.49424364],F,26
304,[6.25563241 6.15739519 5.91012483 ... 0.         6.54279625 7.01532463],F,31
305,[3.0623899  4.57662032 4.4662224  ... 0.         6.49907257 4.72468811],F,28
306,[0.         4.16491522 2.12631367 ... 0.         4.53240058 4.64308968],F,32
307,[3.61829062 7.13573362 6.99530197 ... 0.         7.46158371 6.81913915],F,27
308,[2.14325686 4.51767912 3.63764537 ... 0.         5.01102671 5.30048171],F,35
309,[0.         0.         0.         ... 0.         7.24402207 5.89892088],F,35
310,[9.65675322 9.55512777 9.92010095 ... 0.         9.53320985 9.56353906],F,34
311,[0. 0. 0. ... 0. 0. 0.],M,28
312,[2.07012091 4.03727701 1.81957007 ... 0.         4.05207539 3.40556677],M,27
313,[3.13923761 6.75416898 3.23405659 ... 0.         6.05220117 6.02811413],M,25
314,[2.89299959 6.23598632 6.14104562 ... 0.         8.40096155 7.73766952],F,30
315,[2.71836701 5.36256151 0.         ... 0.         6.26220496 7.18125103],M,23
316,[4.28322444 5.67229853 4.48446883 ... 0.         5.55451777 6.5257322 ],F,23
317,[2.23634864 3.67332509 3.12820291 ... 0.         5.31513104 4.75599532],F,29
318,[0.         2.72920435 1.53486059 ... 0.         5.81307804 5.21747772],F,25
319,[2.31207728 0.         3.67456849 ... 0.         6.3443642  4.74025989],M,28
320,[0.         3.02910747 0.         ... 0.         4.51022037 4.30999087],M,25
321,[0.         3.99614045 4.33440011 ... 0.         4.70084585 4.60113801],F,26
322,[3.1533315  5.00216214 3.96995183 ... 0.         6.50186789 5.90198722],F,23
323,[3.39090197 4.82067106 3.03186921 ... 0.         3.18474632 4.86587045],F,31
324,[2.49705163 4.06524657 4.4226172  ... 0.         7.49137144 7.26231134],F,24
325,[4.04891841 6.32901744 5.46003805 ... 0.         7.58963386 6.10663366],F,31
326,[1.95263052 5.31823228 0.         ... 0.         5.39675199 5.10011541],F,33
327,[6.9593006  6.44729423 4.51366376 ... 0.         5.68691272 5.74143403],M,26
328,[2.19042838 5.46040711 1.74830628 ... 0.         8.18287587 7.16349452],F,32
329,[0.         6.06140224 5.7529252  ... 0.         6.00748034 6.10970626],F,29
330,[2.31216482 2.31271283 2.3606152  ... 0.         5.99610918 5.20232621],M,25
331,[3.21134793 4.73899095 3.36847421 ... 0.         4.23053848 4.19299506],F,30
332,[4.80772837 5.09488376 2.38105036 ... 0.         5.06867266 5.47530421],M,30
333,[5.43585954 0.         0.         ... 0.         8.64615853 5.99901287],F,31
334,[2.56176408 3.94340435 3.45221613 ... 0.         6.63093763 6.07825356],M,24
335,[5.82182787 3.9024553  3.6418217  ... 0.         7.12336512 7.16432462],M,27
336,[0.         0.         0.         ... 0.         6.91100707 6.98609314],M,22
337,[2.03462223 0.         0.         ... 0.         5.68462996 4.39062125],M,30
338,[4.33214085 6.93551185 4.6052169  ... 0.         7.18191077 7.40655134],F,30
339,[3.34575583 0.         2.05107737 ... 0.         5.60481458 5.79712192],M,32
340,[3.27495578 4.64263103 3.39940396 ... 0.         5.91710826 6.15988061],M,35
341,[3.737347   5.29944359 3.93274536 ... 0.         6.64491462 6.05911661],F,33
342,[0.         4.6116258  0.         ... 0.         5.35758024 5.23861767],F,25
343,[4.76823212 0.         0.         ... 0.         7.0956281  7.00325395],F,34
344,[2.39250842 6.67156842 3.52665514 ... 0.         3.97090949 5.4920206 ],M,24
345,[5.37174885 3.24104506 3.38145856 ... 0.         5.09431187 4.66899405],M,29
346,[4.78572411 5.36178089 5.17899588 ... 0.         6.56115744 6.64952536],F,29
347,[3.66946622 6.3287451  0.         ... 0.         7.27176074 6.61751141],F,33
348,[0. 0. 0. ... 0. 0. 0.],M,27
349,[0.         0.         0.         ... 0.         7.76127077 6.15760071],M,24
350,[4.45154579 5.41046055 4.88952318 ... 0.         4.55187786 4.99690583],F,27
351,[2.8673776  4.36913189 3.09927001 ... 0.         5.4860277  4.77318588],F,28
352,[5.85027059 7.74475894 5.80325127 ... 0.         6.87102685 7.19356068],M,28
353,[2.89194451 0.         3.56741031 ... 0.         5.08229736 4.98594539],M,27
354,[3.95688437 4.51589273 3.46928862 ... 0.         6.31286573 6.23522289],F,32
355,[4.27235623 7.14659955 4.29000094 ... 0.         6.49330429 7.11253063],F,31
356,[5.82861152 0.         0.         ... 0.         0.         7.93209288],F,31
357,[2.06345658 4.54998404 0.         ... 0.         5.87303719 4.39496255],M,31
358,[3.43974777 5.24474452 0.         ... 0.         6.42766386 5.99924701],M,30
359,[0.         5.49094715 0.         ... 0.         7.09618036 4.00941324],M,28
360,[1.95052818 4.05892504 0.         ... 0.         6.45181244 4.79949503],M,27
361,[4.64438338 4.37498212 3.34061131 ... 0.         4.53940243 5.41276247],F,34
362,[3.33405561 4.4280246  4.33462504 ... 0.         6.14710577 4.66700903],F,24
363,[3.93293897 3.70071899 3.26628083 ... 0.         6.81831559 6.30266372],M,27
364,[3.81808616 4.15208129 2.45687545 ... 0.         6.88027577 6.36753159],F,29
365,[3.99065521 4.8862671  4.70044964 ... 0.         5.04192328 4.81654054],M,26
366,[0.         0.         0.         ... 0.         6.27162839 6.00278905],M,27
367,[0.         5.20009551 0.         ... 0.         0.         0.        ],M,29
368,[0.         6.52107787 5.72727314 ... 0.         6.31195926 6.58104751],F,23
369,[4.23278285 7.12197651 6.15031578 ... 0.         6.41859285 6.9545428 ],M,26
370,[3.83198617 0.         0.         ... 0.         6.35244981 5.52504404],F,24
371,[6.9203875  6.59804505 5.76291829 ... 0.         6.49867184 6.13962204],F,25
372,[3.97200911 3.12471171 1.98608162 ... 0.         7.46454326 7.22993901],M,28
373,[4.02500351 0.         6.23670164 ... 0.         5.92287172 6.59148942],M,34
374,[4.97980825 3.81162784 3.06035417 ... 0.         6.38536448 5.81123286],M,22
375,[4.17885483 4.5211305  5.21568767 ... 0.         6.68869766 6.13258571],F,30
376,[5.83920211 4.46917172 4.27675265 ... 0.         5.7466983  6.76715255],F,32
377,[3.94908215 3.62157356 2.13694104 ... 0.         5.46402034 5.17499105],F,35
378,[0.         3.74377127 3.46333461 ... 0.         6.82362159 7.09735621],M,27
379,[4.623625   3.74673331 2.93425126 ... 0.         6.34111466 5.68970663],F,29
380,[3.54013091 6.31745436 4.80849367 ... 0.         6.29731106 5.76267893],F,26
381,[2.23358268 5.55509599 4.63643102 ... 0.         5.76658655 4.26004717],M,24
382,[2.84599598 5.44759934 4.07224924 ... 0.         5.61755172 5.79361525],M,27
383,[3.18355464 6.62399379 0.         ... 0.         0.         6.35905515],F,33
384,[4.55677174 5.69972485 8.38556617 ... 0.         5.38591769 5.62912275],F,31
385,[3.66034662 2.10435232 3.49025314 ... 0.         3.45624531 5.87980168],F,29
386,[4.50845862 5.38353686 4.5635428  ... 0.         7.28085944 6.49690388],F,26
387,[2.31115817 0.         2.61886026 ... 0.         5.98553152 5.8294584 ],M,26
388,[4.53931374 4.43867174 5.66757533 ... 6.63774705 6.18456957 5.56782665],F,33
389,[3.41345919 4.59887882 4.29966794 ... 0.         6.60339781 6.16593543],F,26
390,[2.43977684 2.5705519  1.38294835 ... 0.         5.11679331 4.77485837],M,28
391,[2.64095234 3.81896364 2.83036543 ... 0.         7.37333995 7.4235394 ],F,30
392,[3.92669804 5.08369936 4.09920768 ... 0.         4.51280545 5.17438955],F,24
393,[0.         0.         0.         ... 0.         7.02360255 5.76424317],M,28
394,[2.30669932 4.97971221 3.10294677 ... 0.         0.         4.29764358],M,28
395,[1.74376503 3.66307584 2.61538766 ... 0.         4.74095053 4.99840133],M,24
396,[2.73111268 6.62935938 4.12545633 ... 0.         5.91418713 5.19777898],M,26
397,[3.61273701 2.87844452 3.11252395 ... 0.         4.87411491 4.33467918],F,28
398,[3.06395842 3.33417373 0.         ... 0.         0.         5.3840218 ],F,30
399,[5.51205025 8.68109712 5.15519902 ... 0.         7.10977058 6.42189141],F,31
400,[1.99774099 0.         0.         ... 0.         8.3434392  7.3143786 ],M,33
401,[3.93851216 3.12783036 2.79570527 ... 0.         6.85768763 5.74831689],M,32
402,[0.         6.93319607 0.         ... 0.         7.15208181 6.98877878],F,33
403,[4.64079296 6.60520993 5.58458942 ... 0.         5.98796154 5.61700495],M,27
404,[5.21253686 5.59449225 4.68661036 ... 0.         6.16235035 6.60378949],F,28
405,[2.64958815 3.62822486 4.38548236 ... 0.         6.15893838 6.02165262],M,31
406,[2.9714978  0.         5.15750885 ... 0.         6.66812484 4.82356585],M,33
407,[3.29481543 1.3699549  1.80043692 ... 0.         6.53620541 6.25976384],M,28
408,[4.98361751 6.90688727 5.81024327 ... 0.         6.58350302 7.35228908],F,34
409,[5.87496976 6.61837259 5.02574899 ... 0.         6.26428068 4.65766375],F,33
410,[0.         0.         4.64444384 ... 5.10009006 6.16825296 5.9905028 ],M,27
411,[0.         0.         6.06202069 ... 0.         7.61853343 7.58713349],F,29
412,[3.0014159  5.40721927 4.60671637 ... 0.         5.41070164 5.61567796],F,26
413,[3.00131441 3.50864793 3.41238671 ... 0.         6.88494729 5.86570704],F,27
414,[4.00608819 5.09282629 5.07687001 ... 0.         4.75264851 5.91009069],M,30
415,[3.78605615 3.478216   3.17410894 ... 0.         6.2271162  4.99353257],M,26
416,[4.10951764 5.27375179 3.83900772 ... 0.         5.3262848  5.45222441],M,25
417,[3.51496344 0.         4.68331656 ... 0.         6.73714424 4.7313051 ],M,33
418,[0. 0. 0. ... 0. 0. 0.],F,34
419,[0.         0.         7.55801337 ... 0.         0.         0.        ],M,33
420,[0.         5.77812481 5.1354172  ... 0.         0.         0.        ],F,22
421,[5.61210518 4.48198924 4.10432927 ... 0.         6.23166727 6.8934987 ],F,29
422,[4.17288703 5.58568098 4.12501693 ... 0.         5.78738112 6.09183102],M,29
423,[4.57557031 5.38154267 4.05851109 ... 0.         6.15927868 6.38403391],F,29
424,[6.02241246 4.1891348  7.89439366 ... 0.         6.84073126 6.50100347],F,31
425,[5.77348158 0.         0.         ... 0.         6.23769747 5.37453543],F,27
426,[3.27100358 6.8508975  3.6923376  ... 0.         5.72935193 6.30637416],M,31
427,[3.34306077 4.88141715 2.41984488 ... 0.         5.87762229 5.98498127],F,32
428,[2.18543161 2.05833251 0.         ... 0.         3.94826128 5.33291345],F,30
429,[4.49179707 5.20901201 0.         ... 0.         3.81533193 6.42225836],F,32
430,[5.32755026 0.         5.71651654 ... 0.         6.32810504 5.75445714],M,24
431,[0.         0.         4.59007288 ... 0.         5.72002479 5.56915568],F,25
432,[6.46111678 5.01742016 5.15867046 ... 0.         7.44898021 7.22080894],F,32
433,[3.6608338  5.68667096 5.12232276 ... 0.         5.63820122 4.80263031],F,23
434,[4.23233114 5.91049585 4.33962626 ... 0.         3.64688328 4.37548012],F,34
435,[5.25985117 5.82795939 6.10843335 ... 0.         5.61442242 5.18864849],M,34
436,[3.18731863 4.73767737 4.00889057 ... 0.         5.87002166 5.1260651 ],F,29
437,[2.86764596 4.31159623 2.96290845 ... 0.         3.96493201 4.88591303],M,31
438,[5.27218441 3.17125633 2.5074608  ... 0.         4.4994169  4.39373121],M,29
439,[3.07878187 5.65346529 4.28985266 ... 0.         0.         6.20536774],F,28
440,[4.29325796 4.58193299 3.33281156 ... 0.         0.         4.68950252],F,26
441,[3.23738974 4.25610245 3.84110748 ... 0.         5.34828118 4.58942297],M,27
442,[6.31578783 6.45289209 5.07227988 ... 0.         5.33438471 4.98058459],F,28
443,[5.04994607 6.77806539 6.04120046 ... 0.         5.77048804 6.32667892],F,29
444,[3.15131034 3.23547546 1.94166197 ... 0.         6.86195909 6.49957231],M,32
445,[0.         3.30446149 2.09012723 ... 0.         6.97698859 7.4059439 ],F,27
446,[0.         4.67448988 3.30828011 ... 0.         6.28038865 5.94183848],F,25
447,[3.98169008 3.55254778 2.83541113 ... 0.         5.4574135  4.38370282],M,31
448,[4.65090729 3.40358245 2.81152685 ... 0.         8.11700533 7.73069434],M,23
449,[2.78237988 5.46049753 3.07576655 ... 0.         7.02734706 6.40140709],M,25
450,[3.61490733 2.93571692 2.70296022 ... 0.         4.55424365 5.37682869],M,29
451,[3.07537299 4.92782159 5.02857594 ... 0.         4.86817531 4.38426382],F,33
452,[1.20558137 2.46331733 4.14039273 ... 0.         3.08004656 3.55878441],M,22
453,[3.3162341  5.73819382 5.43788579 ... 0.         4.76010618 6.17581356],F,27
454,[7.07323034 7.45396047 6.07183283 ... 0.         0.         7.38200171],M,32
455,[3.50161792 4.6719978  2.55582445 ... 0.         5.82262584 5.89086718],M,23
456,[2.46119873 5.18430837 4.35578005 ... 0.         6.11352715 6.24630934],F,30
457,[3.37670553 0.         4.40477658 ... 0.         6.44250867 5.88723305],F,26
458,[0.         0.         2.80795942 ... 0.         6.85445972 5.64467272],M,26
459,[2.1107602  4.30078223 0.         ... 0.         6.51067906 6.14530174],M,30
460,[2.72259134 0.         3.1694512  ... 0.         5.16542806 4.73083468],M,31
461,[3.63053928 4.33764371 0.         ... 0.         5.15669966 4.23105388],F,22
462,[2.9502074  2.63659476 0.         ... 0.         6.72147796 6.31991818],F,33
463,[3.4209911  4.87653517 4.03348937 ... 0.         5.14126491 5.27211245],M,35
464,[3.75406576 4.21543103 4.22024877 ... 0.         3.57164733 3.54133834],M,26
465,[0.         3.77476306 0.         ... 0.         3.42865799 4.83664119],F,28
466,[2.80065545 4.93405817 2.6946075  ... 0.         5.46949749 4.70978885],M,31
467,[0.         0.         0.         ... 0.         0.         7.20396054],F,28
468,[2.0770406  0.         0.         ... 0.         0.         6.08772018],M,23
469,[0.         0.         0.         ... 0.         4.63961657 3.4569988 ],M,23
470,[4.29311801 7.13634234 6.55450771 ... 0.         6.62623764 6.1733754 ],M,25
471,[3.94980047 3.61938531 3.84176629 ... 0.         6.46424971 5.71829268],F,33
472,[0.         0.         5.48056434 ... 0.         4.7472142  0.        ],F,35
473,[1.53409211 3.73309217 2.6430693  ... 0.         4.8644097  4.44473978],F,34
474,[0.         3.52304328 2.97330315 ... 0.         7.44475088 7.20453605],M,29
475,[0.         4.1013858  2.41123599 ... 0.         7.14491276 7.36744362],M,25
476,[0.         0.         0.         ... 0.         0.         4.87225728],M,22
477,[5.95540527 4.66589058 5.17359577 ... 0.         5.5290204  6.44031934],F,33
478,[2.89384664 3.50226068 3.59775856 ... 0.         5.60678548 5.49297368],F,35
479,[0.         0.         3.47270253 ... 0.         4.53056212 4.76919454],M,35
480,[4.36619982 5.00337331 5.64785828 ... 0.         6.28160111 6.16025898],F,24
481,[0.         7.11097386 0.         ... 0.         6.49020526 5.78458257],M,23
482,[2.47753332 4.10123905 4.71873905 ... 0.         6.72034065 5.99896546],M,26
483,[3.87188382 4.37166668 3.43447985 ... 0.         5.66799197 5.66606434],F,32
484,[3.64695277 6.34659265 3.53601407 ... 5.73906709 4.68737913 6.02744097],F,32
485,[3.92903192 4.10701259 3.62918661 ... 0.         6.1895173  6.1692898 ],F,25
486,[3.98693155 4.73503217 3.99340806 ... 0.         5.0103705  5.59331962],F,27
487,[4.6451683  4.81753447 4.24582549 ... 0.         6.46317242 5.8671522 ],M,33
488,[4.35090183 4.18297646 4.43047269 ... 0.         5.46577234 5.81933671],F,30
489,[4.23994045 3.65827715 3.8591478  ... 0.         5.53601791 4.4753472 ],F,22
490,[4.99806487 5.26776429 0.         ... 0.         5.60130513 5.34284139],F,31
491,[4.26012992 3.64958741 3.26595078 ... 0.         3.91426544 5.44076571],F,27
492,[3.67872587 0.         0.         ... 0.         5.89817849 6.3052063 ],M,25
493,[0.         3.4267737  3.58935586 ... 0.         4.79815364 3.97831529],M,29
494,[2.8070385  3.01870475 2.67665746 ... 0.         4.44463113 5.99460486],F,33
495,[1.96363021 5.74545029 3.33734869 ... 0.         5.79802138 6.54504298],M,30
496,[3.90140272 4.69689087 0.         ... 0.         6.38381583 6.34411771],M,22
497,[3.28288666 4.14577386 3.19940505 ... 0.         6.14569221 6.12998908],F,35
498,[1.90563592 3.61587963 2.97569179 ... 0.         5.43703934 5.15302955],F,32
499,[4.38190439 6.88411456 5.5946412  ... 0.         6.97484733 6.44984041],F,30
500,[0.         7.44707512 0.         ... 0.         8.06508475 7.71131014],F,28
501,[3.64889639 3.64659883 3.7798922  ... 0.         4.0306349  5.22046382],F,33
502,[0.         4.97188171 3.32764102 ... 0.         5.62963236 5.77238414],M,24
503,[0. 0. 0. ... 0. 0. 0.],M,33
504,[2.2928596  2.00656415 2.19681554 ... 0.         7.42948297 6.72199464],M,23
505,[4.00225193 0.         0.         ... 0.         4.54072809 4.69844012],M,32
506,[5.13500564 6.7585791  5.9866735  ... 0.         7.69794114 7.0533614 ],F,35
507,[3.06141018 4.50800259 3.9274481  ... 0.         5.91402102 4.43755325],F,26
508,[0.         6.15459492 5.7691818  ... 0.         5.260942   6.23400469],F,26
509,[2.66988697 5.19536806 4.01618068 ... 0.         4.66399791 4.56775156],M,33
510,[3.01576223 5.55514464 4.74357749 ... 0.         6.44069192 6.66999956],M,25
511,[3.46813256 2.28688904 2.37257966 ... 0.         5.89735845 5.91234131],M,23
512,[3.89267147 3.90517239 3.37787017 ... 0.         5.26797194 3.59528784],M,29
513,[2.17118988 0.         4.11879997 ... 0.         6.64959422 6.91328913],M,32
514,[3.66195697 5.06457634 5.166557   ... 0.         0.         5.62848862],M,26
515,[2.215209   3.51148553 2.75903057 ... 0.         6.38011431 4.67312203],M,24
516,[0. 0. 0. ... 0. 0. 0.],F,32
517,[4.05777823 5.11690755 3.42021934 ... 0.         7.4660651  7.0760635 ],M,27
518,[2.37746574 3.63688383 2.19185562 ... 0.         6.54805764 5.14472731],M,22
519,[2.65368625 2.92306479 3.89464922 ... 0.         0.         4.71479645],M,23
520,[6.22615128 2.03669759 0.         ... 0.         6.88892823 6.37256815],F,32
521,[3.6306144  3.94229473 3.74235295 ... 0.         5.97489209 5.40981213],M,22
522,[8.00091924 5.8467717  5.70512636 ... 0.         5.52312071 5.49262625],F,27
523,[3.25451323 3.03918983 2.06024949 ... 0.         6.95245337 5.27334039],F,27
524,[0.         0.         5.2213999  ... 0.         7.06385306 6.48483694],M,25
525,[4.88958948 7.36781902 6.71520679 ... 0.         6.49402807 6.991249  ],F,30
526,[5.14406658 4.4189132  3.99747918 ... 0.         6.1259045  6.25706101],M,25
527,[3.16820864 5.37516823 3.4474887  ... 0.         7.40038752 6.80703406],F,30
528,[3.97298367 0.         3.5362612  ... 0.         7.02514548 5.94762448],M,22
529,[1.85336162 3.1625634  2.0995783  ... 0.         4.62494885 4.67369118],M,23
530,[3.66030775 5.04752986 4.5727115  ... 0.         5.4492191  3.92062978],M,26
531,[0.         4.12383832 1.26744224 ... 0.         5.74338611 5.98750958],F,25
532,[2.61657242 4.06767721 2.49227288 ... 0.         4.83736296 3.93463416],F,33
533,[3.49036448 5.92347121 4.13876041 ... 0.         7.19901289 7.40573006],M,28
534,[4.18179668 6.68561057 5.54570255 ... 0.         5.52715565 6.64970961],M,26
535,[5.16257854 5.89627081 5.04079412 ... 0.         5.48362158 5.00740782],F,25
536,[5.27257148 6.26668495 5.24491913 ... 0.         6.72490256 5.93095535],F,22
537,[0.         4.3826064  2.91373402 ... 0.         5.68633753 5.51640955],M,30
538,[2.56253626 3.47786745 3.58106416 ... 0.         4.63134726 4.22337365],F,32
539,[4.90742599 5.01713624 4.10525758 ... 0.         5.82732952 6.18431644],M,32
540,[4.35521891 0.         0.         ... 0.         4.91442    4.57060057],F,35
541,[6.15591613 6.64726995 5.04521557 ... 0.         9.08319386 8.47903914],F,30
542,[3.5382916  4.84240572 3.34503588 ... 0.         7.18142911 4.37558169],F,25
543,[5.70221146 7.72107366 0.         ... 0.         8.61463446 8.3025465 ],M,27
544,[4.09943345 4.34006689 4.88956866 ... 0.         5.25762473 5.01307953],F,30
545,[0.         6.53746924 0.         ... 0.         0.         7.82391252],F,31
546,[3.37157862 5.71069021 4.32828598 ... 0.         6.11358936 6.27841149],F,34
547,[3.2631761  3.3229061  3.5646283  ... 0.         6.24956116 5.94139377],M,28
548,[2.59116158 2.50051608 2.17178394 ... 0.         3.3198636  3.1150018 ],M,25
549,[2.39508337 4.10906583 2.79156709 ... 0.         6.04193621 5.86175928],F,23
550,[3.33656106 5.39050259 4.10669842 ... 0.         0.         5.75513863],F,30
551,[2.88069393 4.55133877 2.58026721 ... 0.         6.31562611 5.8021422 ],F,25
552,[0.         6.5001028  5.7062423  ... 0.         5.79729517 4.91496537],M,26
553,[2.66980167 0.         2.98233491 ... 0.         6.45302365 7.23722825],F,33
554,[0.         0.         0.         ... 0.         4.23610071 0.        ],M,22
555,[1.53865385 0.         1.7668157  ... 0.         6.7007579  5.94890145],M,31
556,[0. 0. 0. ... 0. 0. 0.],M,27
557,[5.42991865 5.27781035 3.92192828 ... 0.         7.00993466 6.95810313],M,33
558,[0.         7.91441791 6.90885782 ... 0.         8.82601232 8.70018131],F,35
559,[0.         5.11265723 0.         ... 0.         7.84680551 7.32720094],M,31
560,[3.66979215 4.00763923 3.23013772 ... 0.         7.10633853 6.17806771],M,29
561,[4.46539072 4.79252852 5.01801792 ... 0.         7.37547373 7.39219639],F,35
562,[3.72685121 4.94996286 4.96027805 ... 0.         6.11497578 6.07168309],F,29
563,[2.69724271 3.81031997 2.71521006 ... 4.79719885 7.12222735 6.8568111 ],M,26
564,[0.         0.         0.         ... 0.         0.         4.16231495],F,35
565,[0.         4.64083545 0.         ... 0.         6.57738351 5.86636121],F,30
566,[0.         5.55440283 4.58257577 ... 7.79681664 7.92957992 7.35651093],F,30
567,[0.         3.99926159 3.34933874 ... 0.         6.5039431  5.45493456],M,33
568,[3.44512927 3.8366562  3.96881708 ... 4.43728732 4.86420107 3.34465089],M,25
569,[0. 0. 0. ... 0. 0. 0.],M,22
570,[0.         4.89806355 4.30306111 ... 0.         8.07932613 7.68763267],F,28
571,[3.45819836 4.49288108 3.40650671 ... 0.         6.36070975 5.24628975],M,30
572,[0.         4.5326565  0.         ... 0.         4.62200032 4.72781358],M,25
573,[0.         5.46131058 0.         ... 0.         6.04298711 5.75617366],M,31
574,[0.         5.2497414  2.66581038 ... 0.         6.20969609 4.46438433],F,22
575,[0. 0. 0. ... 0. 0. 0.],M,27
576,[0.         3.6698598  3.73624648 ... 0.         4.88261605 4.87788292],M,25
577,[2.08234931 4.21049547 3.24870711 ... 0.         4.28590443 3.01885651],M,30
578,[0.         6.58095131 4.81795226 ... 0.         6.80296413 6.84996702],F,33
579,[0.         4.69484351 4.33749469 ... 0.         7.16014318 6.29751477],F,34
580,[4.0365732  7.21325765 0.         ... 0.         7.57925144 7.06675621],M,26
581,[0.         5.97277654 0.         ... 0.         6.40530962 5.84643518],M,33
582,[0.         4.99821032 6.35662534 ... 0.         0.         4.50545872],F,23
583,[3.14191386 5.09342914 0.         ... 0.         7.59302227 6.49857395],M,32
584,[2.86767926 5.39690955 3.96927515 ... 0.         5.18708849 5.64600298],F,33
585,[6.48367833 3.72197461 0.         ... 0.         0.         0.        ],F,30
586,[3.56166254 5.50239735 5.45790404 ... 0.         6.58032413 5.49700669],F,33
587,[4.43216558 6.69334756 0.         ... 0.         7.09093259 7.19521472],F,29
588,[3.35562038 3.55683769 2.91792104 ... 0.         6.45774807 6.62161734],M,23
589,[4.64361893 0.         0.         ... 0.         4.90209711 7.32099161],M,31
590,[2.50160653 3.88197989 0.         ... 0.         4.60873627 4.52599537],M,24
591,[3.30085319 6.08332373 3.53835435 ... 0.         5.44434885 6.24631594],M,29
592,[1.95301872 5.20563719 3.98627451 ... 0.         6.2012088  5.5910111 ],F,27
593,[2.77079132 6.61665539 3.26830819 ... 0.         7.27193807 7.38565353],F,25
594,[2.34827565 5.43186883 3.73164559 ... 0.         6.38060702 6.26886276],M,22
595,[0. 0. 0. ... 0. 0. 0.],M,25
596,[3.52068986 5.56181427 5.3146837  ... 0.         6.81220387 6.53304937],F,24
597,[3.65141645 5.29560479 3.80551119 ... 0.         7.26703864 6.0414301 ],F,31
598,[3.10277831 3.41042496 3.19557679 ... 0.         6.1027289  5.77593872],F,32
599,[0.         3.83891168 2.53183824 ... 0.         7.2715108  7.07452217],M,23
600,[3.02367891 5.16802175 4.49375561 ... 0.         5.08900328 0.        ],M,22
601,[0.         4.07648452 3.77342015 ... 0.         4.01062145 5.36428176],M,27
602,[0.         5.40802111 0.         ... 0.         7.10467835 6.59141551],F,31
603,[0.         5.11142554 0.         ... 0.         7.26827578 7.16850495],F,25
604,[0.         0.         4.24164105 ... 0.         0.         0.        ],F,33
605,[1.32584154 4.28542794 2.30835291 ... 0.         5.60564623 5.52115615],M,24
606,[3.91499716 0.         0.         ... 0.         6.69891043 5.71336383],M,26
607,[3.55682175 3.61378333 3.93279943 ... 0.         3.54353262 5.16532237],F,29
608,[0.         4.46131046 0.         ... 0.         6.50122571 6.58836618],M,23
609,[2.9350663  4.33977191 3.46712281 ... 0.         6.63939919 5.75180002],M,29
610,[0. 0. 0. ... 0. 0. 0.],M,25
611,[3.10552671 4.80168444 4.10119814 ... 0.         7.40411324 5.68257338],F,36
612,[4.29102513 1.7672678  1.90646906 ... 0.         4.02336061 3.3027811 ],M,34
613,[0.         0.         0.         ... 0.         5.71964049 4.89812946],F,29
614,[3.07264644 4.90968138 4.33038994 ... 0.         5.96398607 6.14329142],F,30
615,[0.         0.         0.         ... 0.         0.         6.52577338],M,27
616,[1.71195228 3.29715864 1.99208948 ... 0.         5.14192556 4.20456348],M,26
617,[6.79721533 0.         0.         ... 0.         6.67593519 5.88466192],F,29
618,[0.         0.         0.         ... 0.         0.         5.79995747],M,27
619,[3.02892656 4.85157946 3.14889774 ... 0.         6.05818493 6.40613163],F,30
620,[3.07687038 3.00823438 2.61292897 ... 0.         5.15088387 5.69515899],M,27
621,[0.         6.04187255 5.98813473 ... 0.         5.26083827 4.81434706],F,29
622,[2.32917476 3.11625929 2.88209857 ... 0.         4.2560787  3.97020251],F,26
623,[2.20510082 3.03756237 4.7413045  ... 6.14816919 5.88849652 6.30860886],M,28
624,[2.90536386 4.51233598 3.23916492 ... 0.         4.57328975 5.02388069],M,28
625,[3.0394774  4.42953904 0.         ... 0.         6.42240263 5.49240078],F,27
626,[3.87198004 6.57886776 3.48065858 ... 0.         6.73633034 6.76305925],F,32
627,[0.         4.97420595 3.91921173 ... 5.86209725 3.55738247 4.68104688],M,24
628,[4.73738643 8.1679533  3.67225809 ... 0.         9.15920311 9.03611603],F,26
629,[4.69387019 5.0947465  3.26722924 ... 0.         6.39378063 6.5021147 ],F,34
630,[3.82832374 2.20134975 2.20801815 ... 0.         5.73216369 5.05456069],F,35
631,[4.12350802 4.24528379 3.77168628 ... 0.         6.35580078 6.5626819 ],F,31
632,[2.16102179 2.9269386  2.13102478 ... 0.         3.65992974 4.06726872],M,28
633,[2.90563266 3.8173208  0.         ... 0.         6.51166436 5.29381098],F,31
634,[2.75832582 2.68593411 2.33857689 ... 0.         4.96543962 4.80204296],M,32
635,[4.91158873 0.         3.6389123  ... 0.         6.77436122 7.05669192],M,37
636,[0.         0.         0.         ... 0.         8.17044066 7.51492947],M,25
637,[7.24260402 0.         0.         ... 0.         8.06172337 7.79933932],M,30
638,[3.81162562 4.60048061 3.8096596  ... 0.         7.21811951 6.10070738],F,25
639,[3.19892356 0.         4.97197359 ... 0.         6.81487495 5.56363083],M,22
640,[0.         2.87875477 2.04072599 ... 0.         4.64563336 5.66440711],F,27
641,[0. 0. 0. ... 0. 0. 0.],M,29
642,[2.89396718 3.75244415 2.68573567 ... 0.         3.63185607 3.61418083],M,34
643,[2.45692887 3.76974985 2.20638458 ... 0.         6.05354909 5.19228685],M,22
644,[4.4399419  0.         4.60915085 ... 0.         6.02877184 5.13778425],F,31
645,[3.96631104 5.34880362 4.77310178 ... 0.         5.83955037 4.19392778],M,29
646,[3.19383571 4.35769278 2.6976546  ... 0.         4.86501143 3.23788092],M,26
647,[2.88632946 3.96837502 4.1795711  ... 0.         5.65537933 5.72964386],F,23
648,[3.23482017 5.33147796 0.         ... 0.         6.68964537 6.2010249 ],M,32
649,[2.58413897 4.62719956 3.67189191 ... 0.         5.76029812 5.22529118],M,34
650,[2.08133113 3.77272942 4.2424433  ... 0.         5.00518034 4.64429449],M,32
651,[2.80874806 4.48007396 4.75478344 ... 0.         3.93938901 5.01498651],F,34
652,[0.         5.93453194 3.94292658 ... 0.         0.         5.02368035],M,28
653,[0.         0.         5.48480777 ... 0.         0.         0.        ],F,31
654,[3.85841086 4.72044197 2.3759561  ... 0.         0.         6.80621966],F,30
655,[3.98503772 5.46840231 4.48261835 ... 0.         5.59376952 5.9264216 ],F,26
656,[3.94508087 4.91666187 3.22674023 ... 0.         7.4561191  6.72633342],F,29
657,[1.99282593 4.19268666 2.77719597 ... 0.         4.75100655 4.86387591],M,25
658,[3.63872003 0.         2.7347706  ... 0.         4.27647408 4.52717004],M,27
659,[2.47123022 4.31441213 0.         ... 0.         7.216297   6.82863574],F,27
660,[4.24248772 5.06262328 4.50717749 ... 0.         5.49150332 5.2794432 ],F,32
661,[4.71480553 4.3107262  2.776577   ... 0.         4.79271707 5.60353956],M,30
662,[0. 0. 0. ... 0. 0. 0.],F,35
663,[1.97694009 5.28765847 4.39636526 ... 0.         0.         5.93773205],F,27
664,[4.21757805 6.51004705 4.69093608 ... 0.         5.10504225 5.07122335],M,29
665,[3.91556026 5.7007062  4.32019594 ... 0.         6.77214915 5.92769628],F,33
666,[4.09782164 4.1545682  3.11906683 ... 5.37627303 5.22419247 4.04242825],F,31
667,[2.54593106 5.07764639 0.         ... 0.         4.94081788 5.29066951],F,32
668,[3.20087448 4.88045241 4.17430141 ... 0.         6.47270068 5.12565594],M,25
669,[3.31011576 3.36385107 0.         ... 0.         6.41647818 5.98072188],F,29
670,[3.06260528 5.19180411 3.34323972 ... 0.         5.56267757 4.85577596],F,33
671,[1.96328802 4.51164317 2.88032557 ... 0.         6.11339675 4.16727933],F,33
672,[1.96906153 4.05137851 2.91597745 ... 0.         4.78080954 4.42984949],M,31
673,[3.28244785 5.59988698 4.13138688 ... 0.         6.62370942 4.96218591],M,22
674,[4.0767438  3.90021743 2.76420689 ... 0.         0.         3.62207142],F,31
675,[0.         6.08426195 0.         ... 0.         0.         6.29885903],F,32
676,[5.74164491 6.917366   0.         ... 0.         7.91178112 6.92711721],M,24
677,[0. 0. 0. ... 0. 0. 0.],M,23
678,[4.27619311 4.26661599 3.39430567 ... 0.         4.88223035 4.48817361],F,23
679,[2.11585664 2.502775   2.15260383 ... 0.         4.58198172 4.09531181],M,31
680,[1.85203922 3.28151043 0.         ... 0.         4.50605734 3.86080664],M,28
681,[1.67822773 2.44219184 1.60771789 ... 0.         6.35645083 5.87380946],M,30
682,[4.60950673 0.         4.35123791 ... 0.         5.83105379 5.76657701],F,27
683,[2.22389689 6.65908227 6.50339621 ... 0.         5.15412772 5.6377476 ],F,31
684,[2.75714033 5.11432655 5.00938301 ... 0.         4.88871226 5.0385699 ],F,23
685,[3.52547905 6.49961519 0.         ... 0.         7.64067564 6.36711179],F,35
686,[4.75146186 5.99026899 4.65638674 ... 0.         5.02627274 5.56902556],F,23
687,[3.61424341 2.55675436 3.70105386 ... 0.         4.03114798 4.28022381],M,25
688,[0.         4.82268488 1.85186421 ... 0.         3.92588739 4.50166102],M,28
689,[4.16725217 5.76317467 5.14083522 ... 0.         5.25746832 5.5293073 ],M,31
690,[3.10431261 5.7729619  5.80111212 ... 0.         4.60024711 5.51151211],F,29
691,[0.         2.55911297 5.92633644 ... 0.         6.40950349 5.73731285],F,35
692,[4.61500088 4.65928973 4.80215005 ... 0.         6.09622999 5.92696715],F,28
693,[1.6520259  2.48800054 2.3576181  ... 0.         4.87978945 4.3930204 ],M,22
694,[4.64251513 5.06849738 3.89133142 ... 0.         6.40081374 5.11991823],F,35
695,[0.         0.         0.         ... 0.         7.58500452 7.05172797],M,33
696,[2.66217204 3.54554767 2.83666408 ... 0.         5.21208145 3.90445724],M,26
697,[4.94860555 6.87216641 4.9239789  ... 0.         0.         5.49573317],M,34
698,[0.         3.96641547 2.91380646 ... 0.         5.92380448 5.79326208],F,28
699,[4.09552749 0.         0.         ... 0.         0.         6.40417084],M,27
700,[0.         0.         3.43403055 ... 0.         6.3019882  6.04428524],F,32
701,[3.16127702 4.36133699 4.42715857 ... 0.         6.85902146 5.80096342],M,30
702,[0.         5.43725881 0.         ... 0.         6.59273227 5.38145045],M,33
703,[2.41371407 5.18679832 3.02959869 ... 0.         7.33138571 6.62991921],F,26
704,[4.54792444 4.54703905 4.70206089 ... 0.         7.02518195 5.98974238],M,30
705,[0.         0.         0.         ... 0.         0.         6.22069573],F,28
706,[5.2577007  6.5788078  5.54274746 ... 0.         6.18933934 6.69479518],F,29
707,[4.76442872 6.61868736 6.08523246 ... 0.         7.03124573 6.57603955],F,36
708,[3.87640147 4.77923816 3.86849718 ... 0.         5.0981505  6.04030716],F,35
709,[2.28028903 4.72339227 3.79028011 ... 0.         0.         5.67563986],F,36
710,[4.31849693 5.43197087 4.83167681 ... 0.         3.31856116 5.27264495],F,32
711,[4.62910665 4.55182825 4.423551   ... 0.         5.64108006 5.59104737],M,28
712,[3.37259046 6.26513346 5.39934965 ... 0.         6.67816336 6.26265632],M,30
713,[0.         0.         0.         ... 0.         0.         6.40703108],F,28
714,[3.17878874 4.77289828 3.8203205  ... 0.         5.15675311 4.16173847],F,34
715,[2.85493881 3.68928418 4.13837877 ... 0.         7.1114085  5.23011342],M,27
716,[3.61328293 6.9808772  4.47605702 ... 0.         7.88554589 6.47000254],M,33
717,[3.75929087 6.19589917 5.77534599 ... 0.         6.6926879  6.97391417],F,35
718,[4.66684236 5.39899883 4.93291561 ... 0.         6.28412433 5.62098064],F,33
719,[0.         3.1199747  0.         ... 0.         8.16933886 6.03554469],M,29
720,[0.         0.         0.         ... 0.         0.         6.12386698],F,30
721,[3.25203344 0.         4.10746155 ... 0.         0.         4.69482437],M,25
722,[4.63222095 0.         5.43123724 ... 0.         5.45374175 6.75264218],F,29
723,[2.98058802 4.70415829 3.44491871 ... 0.         5.25847256 4.89838553],F,22
724,[4.7355251  4.94081174 4.19549218 ... 0.         4.65034685 5.83923251],M,28
725,[3.71785844 3.46836886 3.32560569 ... 0.         5.64693728 5.15297063],F,30
726,[0.         0.         0.         ... 0.         4.42868966 0.        ],M,30
727,[0.        0.        0.        ... 0.        0.        4.8687272],M,29
728,[3.29887574 3.51914904 2.92292429 ... 0.         6.40067115 6.01846311],M,27
729,[5.93843037 8.76330947 8.64072683 ... 0.         6.1163096  7.06240891],F,30
730,[4.85439254 6.17266787 5.8197827  ... 0.         7.09910193 6.4451849 ],F,33
731,[4.18600371 4.37952755 3.3680716  ... 0.         7.14995747 6.86253755],F,23
732,[4.74246953 3.76180512 2.78116172 ... 0.         5.78036517 5.47149319],M,27
733,[4.24162727 5.33222306 5.08714911 ... 0.         6.71194004 5.7723178 ],F,28
734,[3.1359162  4.95482664 4.14109947 ... 0.         5.8199946  5.36751194],M,29
735,[2.91450521 5.63870168 5.37653266 ... 0.         6.02717085 5.80524032],F,28
736,[4.86798837 5.02880559 4.72557698 ... 0.         4.83415441 5.59596539],M,26
737,[4.48295108 5.76555047 3.98451246 ... 0.         5.7537696  4.55465787],M,32
738,[2.63136816 4.55283387 3.66391526 ... 0.         5.56611058 5.16139263],M,32
739,[2.84776777 4.98286763 2.94885736 ... 0.         5.53809912 5.20987976],M,23
740,[2.61739951 5.97269047 0.         ... 0.         4.32985983 4.35428873],M,32
741,[0.         7.61334037 0.         ... 0.         6.64203934 6.82806829],F,22
742,[0.         5.36985679 2.5720743  ... 0.         7.09503379 7.01504102],M,27
743,[2.36132834 1.91894987 1.97276527 ... 0.         3.86834846 3.4884246 ],F,35
744,[3.50571307 4.91003631 5.3649873  ... 0.         3.76359453 4.5844708 ],M,25
745,[3.3000717  4.27638223 3.96990765 ... 0.         6.31226567 6.26704144],F,34
746,[3.36121385 4.52541139 4.76703314 ... 0.         6.89008005 5.89217297],M,28
747,[4.84355101 4.89956873 4.70874999 ... 0.         7.65625787 7.00719392],F,28
748,[5.32027708 5.67937175 5.85694673 ... 0.         8.58497795 7.60444798],M,24
749,[5.00752626 8.36558994 6.53716263 ... 0.         8.4505726  8.83371866],F,27
750,[0.        0.        0.        ... 0.        0.        5.9733386],M,33
751,[0.         6.25159556 4.99152853 ... 0.         5.61643111 6.37977705],M,22
752,[4.82220102 4.63024445 4.38201286 ... 0.         6.14811101 6.59597313],M,30
753,[7.01305046 6.24182334 5.56187566 ... 0.         6.00024537 7.07556193],F,33
754,[5.28544804 6.20838629 5.6948343  ... 0.         6.51049069 6.33452385],M,35
755,[3.16183986 5.6529211  6.83760823 ... 0.         5.84294725 6.31271804],F,29
756,[3.71783111 0.         2.18141625 ... 0.         5.03703415 5.40269825],M,30
757,[3.4595174  2.76090953 2.01564924 ... 0.         6.03187421 6.17937432],M,25
758,[0.         0.         2.1257411  ... 0.         7.3814672  7.28328768],F,28
